Id,sampling_rate,age,gender,ethnicity,mean_pitch,max_pitch,min_pitch,jitter,shimmer,energy,zcr_mean,spectral_centroid_mean,tempo,hnr,num_words,num_characters,num_pauses,silence_duration,path
0,22050,24.0,female,arabic,1821.6906,3999.717,145.43066,0.01379450548252,0.0827253733083098,0.0022538047574122,0.2100933418072089,3112.257251154368,[151.99908088],-123.9997262692494,69,281,39,23.84689342403628,audios_development/1.wav
1,22050,22.5,female,hungarian,1297.8187,3998.859,145.37268,0.0253485121269184,0.0962424747690059,0.0078186389297897,0.0788494053171641,1688.0163887765325,[129.19921875],-86.92847782058215,69,281,21,19.38866213151928,audios_development/2.wav
2,22050,22.0,female,portuguese,1332.8524,3998.8025,145.42395,0.0190674156460441,0.1194560931686425,0.0029742818449428,0.1053652385572805,2576.9017059374173,[117.45383523],-98.45066996496276,69,281,1,21.640997732426303,audios_development/3.wav
3,22050,22.0,female,english,1430.3499,3998.451,147.98083,0.0170036758305884,0.1023892640286828,0.0223705533960699,0.1737011416408668,3269.751413282665,[117.45383523],-56.45976166487887,69,281,9,19.644126984126984,audios_development/4.wav
4,22050,22.0,male,dutch,1688.7234,3998.6113,145.44772,0.0280274095640635,0.1248313100805887,0.0053686253221205,0.1072794843560145,1930.897374687883,[112.34714674],-80.34920393012352,69,281,11,18.041904761904764,audios_development/5.wav
5,22050,33.0,female,italian,1258.5216,3998.8406,145.61612,0.0256415261226269,0.093994300572409,0.0140009085606509,0.1520361879615551,2350.7475765614263,[123.046875],-93.4532295026751,69,281,21,19.59764172335601,audios_development/6.wav
